{"Root": {"LT": 0, "SH": 0, "SQ": 0, "LD": 0, "PL": 0, "SP": 0, "LE": 0, "FT": 0, "ST": 0, "AD": 0, "PC": 0, "PD": 0, "FP": 0, "AS": 0, "AN": 0, "AH": 0, "FA": 0, "FR": 0}, "LT": {"LT1": 0.8987617362906518, "LT-1": 0.060008164376105594, "LT0": 0.04123009933324262}, "SH": {"SH1": 0.6394062588635719, "SH0": 0.2053039614257351, "SH-1": 0.15528977971069302}, "SQ": {"SQ-1": 0.28445165945165946, "SQ1": 0.3327922077922078, "SQ0": 0.38275613275613274}, "LD": {"LD1": 0.9480252764612954, "LD0": 0.023380726698262244, "LD-1": 0.028593996840442337}, "PL": {"PL1": 0.2928877181429042, "PL0": 0.45499945121281965, "PL-1": 0.25211283064427614}, "SP": {"SP1": 0.5884491114701131, "SP0": 0.2031502423263328, "SP-1": 0.2084006462035541}, "LE": {"LE-1": 0.1715416136781122, "LE1": 0.7343507135792002, "LE0": 0.09410767274268758}, "FT": {"FT0": 0.38971094287680663, "FT1": 0.5677334250974995, "FT-1": 0.042555632025693964}, "ST": {"ST1": 0.49806201550387597, "ST-1": 0.3513037350246653, "ST0": 0.1506342494714588}, "AD": {"AD1": 0.7631033642125792, "AD0": 0.19137006338371526, "AD-1": 0.04552657240370551}, "PC": {"PC1": 0.7605805586047079, "PC-1": 0.12306378826686182, "PC0": 0.1163556531284303}, "PD": {"PD0": 0.49343434343434345, "PD1": 0.4543771043771044, "PD-1": 0.05218855218855219}, "FP": {"FP1": 0.6003110419906688, "FP-1": 0.2108864696734059, "FP0": 0.18880248833592536}, "AS": {"AS0": 0.233061287342162, "AS-1": 0.14159223898983678, "AS1": 0.6253464736680012}, "AN": {"AN1": 0.7256536566881394, "AN-1": 0.11576354679802955, "AN0": 0.158582796513831}, "AH": {"AH1": 0.7429705858520379, "AH-1": 0.12332874159306377, "AH0": 0.13370067255489831}, "FA": {"FA1": 0.7385794910020232, "FA-1": 0.10978596528591204, "FA0": 0.15163454371206475}, "FR": {"FR1": 0.7955510024879263, "FR-1": 0.11107858919947317, "FR0": 0.09337040831260063, "": 0.0}}